<?xml version="1.0" encoding="UTF-8" standalone="yes"?>
<addon id="plugin.video.wwdc2015"
       name="WWDC 2015"
       version="0.1"
       provider-name="Eduz">
  <requires>
    <import addon="xbmc.python" version="2.1.0"/>
  </requires>
  <extension point="xbmc.python.pluginsource"
            library="default.py">
        <provides>video</provides>
  </extension>
  <extension point="xbmc.addon.metadata">
    <summary>Apple Worldwide Developers Conference 2015 Videos</summary>
    <description>Watch here all the videos of WWDC 2015.</description>
    <platform>all</platform>
  </extension>
</addon>
